season,opponent,venue,latitude,longitude
2000-01,Appalachian State,Holmes Convocation Center,36.2134,-81.6744
2000-01,Buffalo,Alumni Arena,42.9971,-78.7819
2000-01,Clemson,Littlejohn Coliseum,34.6803,-82.8444
2000-01,College of Charleston,John Kresse Arena,32.7833,-79.9375
2000-01,Duke,Cameron Indoor Stadium,36.003,-78.9425
2000-01,Florida State,Donald L. Tucker Civic Center,30.437,-84.2826
2000-01,Georgia Tech,McCamish Pavilion,33.781,-84.3926
2000-01,Kentucky,Rupp Arena,38.0434,-84.4964
2000-01,Marquette,Bradley Center,43.0436,-87.9169
2000-01,Maryland,Cole Field House,38.991,-76.944
2000-01,Massachusetts,Mullins Center,42.3953,-72.5302
2000-01,Miami,Watsco Center,25.7136,-80.2741
2000-01,Michigan State,Breslin Center,42.727,-84.4436
2000-01,NC State,Lenovo Center,35.8033,-78.722
2000-01,North Carolina,Dean E. Smith Center,35.9115,-79.0481
2000-01,Penn State,Bryce Jordan Center,40.8116,-77.8628
2000-01,Princeton,Jadwin Gymnasium,40.3465,-74.6567
2000-01,Texas A&M,Reed Arena,30.5884,-96.3531
2000-01,Tulsa,Donald W. Reynolds Center,36.1498,-95.9465
2000-01,UCLA,Pauley Pavilion,34.0703,-118.4468
2000-01,Virginia,University Hall,38.0368,-78.5172
2000-01,Wake Forest,Lawrence Joel Veterans Memorial Coliseum,36.0869,-80.2663
2000-01,Winthrop,Winthrop Coliseum,34.938,-81.0303
2001-02,Binghamton,West Gym,42.0911,-75.9637
2001-02,Clemson,Littlejohn Coliseum,34.6803,-82.8444
2001-02,College of Charleston,John Kresse Arena,32.7833,-79.9375
2001-02,Connecticut,Gampel Pavilion,41.8084,-72.2537
2001-02,Davidson,Belk Arena,35.4993,-80.847
2001-02,Duke,Cameron Indoor Stadium,36.003,-78.9425
2001-02,Florida State,Donald L. Tucker Civic Center,30.437,-84.2826
2001-02,Georgia Tech,McCamish Pavilion,33.781,-84.3926
2001-02,Hampton,Hampton Convocation Center,37.0179,-76.3381
2001-02,Indiana,Simon Skjodt Assembly Hall,39.1822,-86.5261
2001-02,Kentucky,Rupp Arena,38.0434,-84.4964
2001-02,Maryland,Cole Field House,38.991,-76.944
2001-02,NC State,Lenovo Center,35.8033,-78.722
2001-02,North Carolina,Dean E. Smith Center,35.9115,-79.0481
2001-02,North Carolina A&T,Corbett Sports Center,36.0707,-79.7748
2001-02,Ohio,Convocation Center,39.3242,-82.0993
2001-02,Saint Joseph's,Hagan Arena,40.0005,-75.2361
2001-02,Texas A&M,Reed Arena,30.5884,-96.3531
2001-02,Virginia,University Hall,38.0368,-78.5172
2001-02,Wake Forest,Lawrence Joel Veterans Memorial Coliseum,36.0869,-80.2663
2002-03,Clemson,Littlejohn Coliseum,34.6803,-82.8444
2002-03,Connecticut,Gampel Pavilion,41.8084,-72.2537
2002-03,Davidson,Belk Arena,35.4993,-80.847
2002-03,DePaul,Allstate Arena,41.9628,-87.8874
2002-03,Duke,Cameron Indoor Stadium,36.003,-78.9425
2002-03,Florida State,Donald L. Tucker Civic Center,30.437,-84.2826
2002-03,Georgetown,Capital One Arena,38.8981,-77.0209
2002-03,Georgia Tech,McCamish Pavilion,33.781,-84.3926
2002-03,Illinois,State Farm Center,40.0961,-88.236
2002-03,Iona,Hynes Athletics Center,40.9274,-73.8861
2002-03,Kansas,Allen Fieldhouse,38.9542,-95.2528
2002-03,Kentucky,Rupp Arena,38.0434,-84.4964
2002-03,Maryland,Xfinity Center,38.9958,-76.9426
2002-03,Miami,Watsco Center,25.7136,-80.2741
2002-03,NC State,Lenovo Center,35.8033,-78.722
2002-03,North Carolina,Dean E. Smith Center,35.9115,-79.0481
2002-03,North Carolina A&T,Corbett Sports Center,36.0707,-79.7748
2002-03,Old Dominion,Ted Constant Convocation Center,36.8849,-76.305
2002-03,Penn State,Bryce Jordan Center,40.8116,-77.8628
2002-03,Rutgers,Jersey Mike's Arena,40.52528,-74.44111
2002-03,St. John's,Carnesecca Arena,40.7244,-73.7939
2002-03,Stanford,Maples Pavilion,37.4346,-122.1609
2002-03,Vermont,Patrick Gymnasium,44.4762,-73.1989
2002-03,Virginia,University Hall,38.0368,-78.5172
2002-03,Wake Forest,Lawrence Joel Veterans Memorial Coliseum,36.0869,-80.2663
2002-03,Wyoming,Arena-Auditorium,41.3165,-105.586
2003-04,Air Force,Clune Arena,38.9956,-104.8614
2003-04,Akron,James A. Rhodes Arena,41.0733,-81.5107
2003-04,Clemson,Littlejohn Coliseum,34.6803,-82.8444
2003-04,Cleveland State,Wolstein Center,41.5007,-81.678
2003-04,Coastal Carolina,Kimbel Arena,33.7953,-79.012
2003-04,Connecticut,Gampel Pavilion,41.8084,-72.2537
2003-04,Davidson,Belk Arena,35.4993,-80.847
2003-04,Duke,Cameron Indoor Stadium,36.003,-78.9425
2003-04,Florida State,Donald L. Tucker Civic Center,30.437,-84.2826
2003-04,George Mason,EagleBank Arena,38.8298,-77.3127
2003-04,Georgia Tech,McCamish Pavilion,33.781,-84.3926
2003-04,Illinois,State Farm Center,40.0961,-88.236
2003-04,Kentucky,Rupp Arena,38.0434,-84.4964
2003-04,Maryland,Xfinity Center,38.9958,-76.9426
2003-04,Miami,Watsco Center,25.7136,-80.2741
2003-04,NC State,Lenovo Center,35.8033,-78.722
2003-04,North Carolina,Dean E. Smith Center,35.9115,-79.0481
2003-04,Old Dominion,Ted Constant Convocation Center,36.8849,-76.305
2003-04,Texas,Frank Erwin Center,30.281,-97.7318
2003-04,UNC Wilmington,Trask Coliseum,34.226,-77.8712
2003-04,Virginia,University Hall,38.0368,-78.5172
2003-04,Wake Forest,Lawrence Joel Veterans Memorial Coliseum,36.0869,-80.2663
2004-05,BYU,Marriott Center,40.2528,-111.6545
2004-05,Clemson,Littlejohn Coliseum,34.6803,-82.8444
2004-05,Cleveland State,Wolstein Center,41.5007,-81.678
2004-05,Connecticut,Gampel Pavilion,41.8084,-72.2537
2004-05,Duke,Cameron Indoor Stadium,36.003,-78.9425
2004-05,Florida State,Donald L. Tucker Civic Center,30.437,-84.2826
2004-05,Georgia Tech,McCamish Pavilion,33.781,-84.3926
2004-05,Illinois,State Farm Center,40.0961,-88.236
2004-05,Indiana,Simon Skjodt Assembly Hall,39.1822,-86.5261
2004-05,Iowa,Carver-Hawkeye Arena,41.656,-91.5497
2004-05,Iowa State,Hilton Coliseum,42.0284,-93.6373
2004-05,Kentucky,Rupp Arena,38.0434,-84.4964
2004-05,Loyola Chicago,Gentile Arena,41.9998,-87.6578
2004-05,Maryland,Xfinity Center,38.9958,-76.9426
2004-05,Miami,Watsco Center,25.7136,-80.2741
2004-05,Michigan State,Breslin Center,42.727,-84.4436
2004-05,Mount Olive,Kornegay Arena,35.1996,-78.0244
2004-05,NC State,Lenovo Center,35.8033,-78.722
2004-05,North Carolina,Dean E. Smith Center,35.9115,-79.0481
2004-05,Oakland,O'rena,42.6738,-83.216
2004-05,Santa Clara,Leavey Center,37.3495,-121.9419
2004-05,Southern California,Galen Center,34.0243,-118.2849
2004-05,Tennessee,Thompson-Boling Arena,35.9478,-83.9362
2004-05,UNC Wilmington,Trask Coliseum,34.226,-77.8712
2004-05,Vermont,Patrick Gymnasium,44.4762,-73.1989
2004-05,Villanova,Finneran Pavilion,40.0352,-75.3393
2004-05,Virginia,University Hall,38.0368,-78.5172
2004-05,Virginia Tech,Cassell Coliseum,37.2193,-80.422
2004-05,Wake Forest,Lawrence Joel Veterans Memorial Coliseum,36.0869,-80.2663
2004-05,William & Mary,Kaplan Arena,37.2709,-76.7155
2004-05,Winston-Salem State,Gaines Center,36.0933,-80.2217
2004-05,Wisconsin,Kohl Center,43.0696,-89.4112
2005-06,Arizona,McKale Center,32.2288,-110.9478
2005-06,Boston College,Conte Forum,42.3355,-71.1685
2005-06,Clemson,Littlejohn Coliseum,34.6803,-82.8444
2005-06,Cleveland State,Wolstein Center,41.5007,-81.678
2005-06,Davidson,Belk Arena,35.4993,-80.847
2005-06,Duke,Cameron Indoor Stadium,36.003,-78.9425
2005-06,Florida State,Donald L. Tucker Civic Center,30.437,-84.2826
2005-06,Gardner-Webb,Paul Porter Arena,35.2359,-81.6819
2005-06,George Mason,EagleBank Arena,38.8298,-77.3127
2005-06,Georgia Tech,McCamish Pavilion,33.781,-84.3926
2005-06,Illinois,State Farm Center,40.0961,-88.236
2005-06,Kentucky,Rupp Arena,38.0434,-84.4964
2005-06,Maryland,Xfinity Center,38.9958,-76.9426
2005-06,Miami,Watsco Center,25.7136,-80.2741
2005-06,Murray State,CFSB Center,36.616,-88.3272
2005-06,NC State,Lenovo Center,35.8033,-78.722
2005-06,North Carolina,Dean E. Smith Center,35.9115,-79.0481
2005-06,Saint Louis,Enterprise Center,38.6268,-90.2027
2005-06,Santa Clara,Leavey Center,37.3495,-121.9419
2005-06,Southern California,Galen Center,34.0243,-118.2849
2005-06,UC Santa Barbara,Thunderdome,34.4125,-119.8494
2005-06,UNC Asheville,Justice Center,35.5955,-82.561
2005-06,Virginia,University Hall,38.0368,-78.5172
2005-06,Virginia Tech,Cassell Coliseum,37.2193,-80.422
2005-06,Wake Forest,Lawrence Joel Veterans Memorial Coliseum,36.0869,-80.2663
2006-07,Arizona,McKale Center,32.2288,-110.9478
2006-07,Boston College,Conte Forum,42.3355,-71.1685
2006-07,Clemson,Littlejohn Coliseum,34.6803,-82.8444
2006-07,Dayton,University of Dayton Arena,39.7443,-84.1747
2006-07,Duke,Cameron Indoor Stadium,36.003,-78.9425
2006-07,Eastern Kentucky,Alumni Coliseum,37.7469,-84.2874
2006-07,Florida Atlantic,FAU Arena,26.3704,-80.1027
2006-07,Florida State,Donald L. Tucker Civic Center,30.437,-84.2826
2006-07,Gardner-Webb,Paul Porter Arena,35.2359,-81.6819
2006-07,Georgetown,Capital One Arena,38.8981,-77.0209
2006-07,Georgia Tech,McCamish Pavilion,33.781,-84.3926
2006-07,Gonzaga,McCarthey Athletic Center,47.6671,-117.4028
2006-07,High Point,Millis Athletic Convocation Center,35.957,-79.992
2006-07,Kentucky,Rupp Arena,38.0434,-84.4964
2006-07,Maryland,Xfinity Center,38.9958,-76.9426
2006-07,Miami,Watsco Center,25.7136,-80.2741
2006-07,Michigan State,Breslin Center,42.727,-84.4436
2006-07,NC State,Lenovo Center,35.8033,-78.722
2006-07,North Carolina,Dean E. Smith Center,35.9115,-79.0481
2006-07,Ohio State,Schottenstein Center,40.0076,-83.0252
2006-07,Penn,Palestra,39.9521,-75.1896
2006-07,Rutgers,Jersey Mike's Arena,40.52528,-74.44111
2006-07,Sacred Heart,William H. Pitt Center,41.3923,-73.2439
2006-07,Saint Louis,Enterprise Center,38.6268,-90.2027
2006-07,Southern California,Galen Center,34.0243,-118.2849
2006-07,St. Augustine's,Emery Gymnasium,35.9621,-78.8923
2006-07,Tennessee,Thompson-Boling Arena,35.9478,-83.9362
2006-07,UNC Asheville,Justice Center,35.5955,-82.561
2006-07,Virginia,John Paul Jones Arena,38.0462,-78.5081
2006-07,Virginia Tech,Cassell Coliseum,37.2193,-80.422
2006-07,Wake Forest,Lawrence Joel Veterans Memorial Coliseum,36.0869,-80.2663
2006-07,Winthrop,Winthrop Coliseum,34.938,-81.0303
2007-08,Arkansas,Bud Walton Arena,36.0589,-94.1793
2007-08,BYU,Marriott Center,40.2528,-111.6545
2007-08,Boston College,Conte Forum,42.3355,-71.1685
2007-08,Clemson,Littlejohn Coliseum,34.6803,-82.8444
2007-08,Davidson,Belk Arena,35.4993,-80.847
2007-08,Duke,Cameron Indoor Stadium,36.003,-78.9425
2007-08,Florida State,Donald L. Tucker Civic Center,30.437,-84.2826
2007-08,Georgia Tech,McCamish Pavilion,33.781,-84.3926
2007-08,Iona,Hynes Athletics Center,40.9274,-73.8861
2007-08,Kansas,Allen Fieldhouse,38.9542,-95.2528
2007-08,Kent State,Memorial Athletic and Convocation Center,41.1504,-81.3573
2007-08,Kentucky,Rupp Arena,38.0434,-84.4964
2007-08,Louisville,Freedom Hall,38.198,-85.746
2007-08,Maryland,Xfinity Center,38.9958,-76.9426
2007-08,Miami,Watsco Center,25.7136,-80.2741
2007-08,Mount St. Mary's,Knott Arena,39.6961,-77.4382
2007-08,NC State,Lenovo Center,35.8033,-78.722
2007-08,Nevada,Lawlor Events Center,39.5465,-119.8154
2007-08,Nicholls State,David B. Stopher Gymnasium,29.7691,-90.814
2007-08,North Carolina,Dean E. Smith Center,35.9115,-79.0481
2007-08,Ohio State,Schottenstein Center,40.0076,-83.0252
2007-08,Old Dominion,Ted Constant Convocation Center,36.8849,-76.305
2007-08,Penn,Palestra,39.9521,-75.1896
2007-08,Rutgers,Jersey Mike's Arena,40.52528,-74.44111
2007-08,South Carolina State,Smith-Hammond-Middleton Memorial Center,33.494,-80.8557
2007-08,UC Santa Barbara,Thunderdome,34.4125,-119.8494
2007-08,UNC Asheville,Justice Center,35.5955,-82.561
2007-08,Valparaiso,Athletics-Recreation Center,41.4622,-87.0416
2007-08,Virginia,John Paul Jones Arena,38.0462,-78.5081
2007-08,Virginia Tech,Cassell Coliseum,37.2193,-80.422
2007-08,Wake Forest,Lawrence Joel Veterans Memorial Coliseum,36.0869,-80.2663
2007-08,Washington State,Beasley Coliseum,46.7356,-117.1598
2008-09,Boston College,Conte Forum,42.3355,-71.1685
2008-09,Chaminade,McCabe Gym,21.2785,-157.8133
2008-09,Clemson,Littlejohn Coliseum,34.6803,-82.8444
2008-09,College of Charleston,John Kresse Arena,32.7833,-79.9375
2008-09,Duke,Cameron Indoor Stadium,36.003,-78.9425
2008-09,Evansville,Roberts Municipal Stadium,37.9706,-87.5717
2008-09,Florida State,Donald L. Tucker Civic Center,30.437,-84.2826
2008-09,Georgia Tech,McCamish Pavilion,33.781,-84.3926
2008-09,Gonzaga,McCarthey Athletic Center,47.6671,-117.4028
2008-09,Kentucky,Rupp Arena,38.0434,-84.4964
2008-09,LSU,Pete Maravich Assembly Center,30.4141,-91.1832
2008-09,Maryland,Xfinity Center,38.9958,-76.9426
2008-09,Miami,Watsco Center,25.7136,-80.2741
2008-09,Michigan State,Breslin Center,42.727,-84.4436
2008-09,NC State,Lenovo Center,35.8033,-78.722
2008-09,Nevada,Lawlor Events Center,39.5465,-119.8154
2008-09,North Carolina,Dean E. Smith Center,35.9115,-79.0481
2008-09,Notre Dame,Purcell Pavilion,41.6983,-86.2339
2008-09,Oklahoma,Lloyd Noble Center,35.1916,-97.445
2008-09,Oral Roberts,Mabee Center,36.1805,-95.9455
2008-09,Oregon,McArthur Court,44.0456,-123.0785
2008-09,Penn,Palestra,39.9521,-75.1896
2008-09,Radford,Dedmon Center,37.1371,-80.5513
2008-09,Rutgers,Jersey Mike's Arena,40.52528,-74.44111
2008-09,UC Santa Barbara,Thunderdome,34.4125,-119.8494
2008-09,UNC Asheville,Justice Center,35.5955,-82.561
2008-09,Valparaiso,Athletics-Recreation Center,41.4622,-87.0416
2008-09,Villanova,Finneran Pavilion,40.0352,-75.3393
2008-09,Virginia,John Paul Jones Arena,38.0462,-78.5081
2008-09,Virginia Tech,Cassell Coliseum,37.2193,-80.422
2008-09,Wake Forest,Lawrence Joel Veterans Memorial Coliseum,36.0869,-80.2663
2009-10,Albany,SEFCU Arena,42.6854,-73.8252
2009-10,Boston College,Conte Forum,42.3355,-71.1685
2009-10,Clemson,Littlejohn Coliseum,34.6803,-82.8444
2009-10,College of Charleston,TD Arena,32.7839,-79.9373
2009-10,Dayton,University of Dayton Arena,39.7443,-84.1747
2009-10,Duke,Cameron Indoor Stadium,36.003,-78.9425
2009-10,Florida International,Ocean Bank Convocation Center,25.7575,-80.3747
2009-10,Florida State,Donald L. Tucker Civic Center,30.437,-84.2826
2009-10,Gardner-Webb,Paul Porter Arena,35.2359,-81.6819
2009-10,Georgia Tech,McCamish Pavilion,33.781,-84.3926
2009-10,Kentucky,Rupp Arena,38.0434,-84.4964
2009-10,Marshall,Cam Henderson Center,38.4262,-82.4283
2009-10,Maryland,Xfinity Center,38.9958,-76.9426
2009-10,Miami,Watsco Center,25.7136,-80.2741
2009-10,Michigan State,Breslin Center,42.727,-84.4436
2009-10,Mississippi State,Humphrey Coliseum,33.4532,-88.7864
2009-10,NC Central,McDougald-McLendon Gymnasium,35.9762,-78.8969
2009-10,NC State,Lenovo Center,35.8033,-78.722
2009-10,Nevada,Lawlor Events Center,39.5465,-119.8154
2009-10,North Carolina,Dean E. Smith Center,35.9115,-79.0481
2009-10,Ohio State,Schottenstein Center,40.0076,-83.0252
2009-10,Presbyterian,Templeton Physical Education Center,34.5064,-81.863
2009-10,Rhode Island,Ryan Center,41.4855,-71.5234
2009-10,Rutgers,Jersey Mike's Arena,40.52528,-74.44111
2009-10,Syracuse,JMA Wireless Dome,43.0362,-76.1364
2009-10,Texas,Frank Erwin Center,30.281,-97.7318
2009-10,UAB,Bartow Arena,33.5019,-86.799
2009-10,Valparaiso,Athletics-Recreation Center,41.4622,-87.0416
2009-10,Virginia,John Paul Jones Arena,38.0462,-78.5081
2009-10,Virginia Tech,Cassell Coliseum,37.2193,-80.422
2009-10,Wake Forest,Lawrence Joel Veterans Memorial Coliseum,36.0869,-80.2663
2009-10,William & Mary,Kaplan Arena,37.2709,-76.7155
2010-11,Boston College,Conte Forum,42.3355,-71.1685
2010-11,Clemson,Littlejohn Coliseum,34.6803,-82.8444
2010-11,College of Charleston,TD Arena,32.7839,-79.9373
2010-11,Duke,Cameron Indoor Stadium,36.003,-78.9425
2010-11,Evansville,Roberts Municipal Stadium,37.9706,-87.5717
2010-11,Florida State,Donald L. Tucker Civic Center,30.437,-84.2826
2010-11,Georgia Tech,McCamish Pavilion,33.781,-84.3926
2010-11,Hofstra,Mack Sports Complex,40.7149,-73.6007
2010-11,Illinois,State Farm Center,40.0961,-88.236
2010-11,Kentucky,Rupp Arena,38.0434,-84.4964
2010-11,LIU,Steinberg Wellness Center,40.689,-73.9817
2010-11,Lipscomb,Allen Arena,36.1756,-86.8085
2010-11,Long Beach State,Walter Pyramid,33.7849,-118.1135
2010-11,Marquette,Bradley Center,43.0436,-87.9169
2010-11,Maryland,Xfinity Center,38.9958,-76.9426
2010-11,Miami,Watsco Center,25.7136,-80.2741
2010-11,Minnesota,Williams Arena,44.9755,-93.2272
2010-11,NC State,Lenovo Center,35.8033,-78.722
2010-11,North Carolina,Dean E. Smith Center,35.9115,-79.0481
2010-11,Rutgers,Jersey Mike's Arena,40.52528,-74.44111
2010-11,Saint Francis,DeGol Arena,40.5988,-78.6347
2010-11,Texas,Frank Erwin Center,30.281,-97.7318
2010-11,UNC Asheville,Justice Center,35.5955,-82.561
2010-11,Vanderbilt,Memorial Gymnasium,36.1425,-86.8089
2010-11,Virginia,John Paul Jones Arena,38.0462,-78.5081
2010-11,Virginia Tech,Cassell Coliseum,37.2193,-80.422
2010-11,Wake Forest,Lawrence Joel Veterans Memorial Coliseum,36.0869,-80.2663
2010-11,Washington,Alaska Airlines Arena,47.6538,-122.3015
2010-11,William & Mary,Kaplan Arena,37.2709,-76.7155
2011-12,Appalachian State,Holmes Convocation Center,36.2134,-81.6744
2011-12,Boston College,Conte Forum,42.3355,-71.1685
2011-12,Clemson,Littlejohn Coliseum,34.6803,-82.8444
2011-12,Creighton,CHI Health Center,41.2627,-95.9237
2011-12,Duke,Cameron Indoor Stadium,36.003,-78.9425
2011-12,Elon,Alumni Gym,36.0998,-79.4973
2011-12,Evansville,Ford Center,37.9722,-87.5678
2011-12,Florida State,Donald L. Tucker Civic Center,30.437,-84.2826
2011-12,Georgia Tech,McCamish Pavilion,33.781,-84.3926
2011-12,Kansas,Allen Fieldhouse,38.9542,-95.2528
2011-12,Kentucky,Rupp Arena,38.0434,-84.4964
2011-12,Long Beach State,Walter Pyramid,33.7849,-118.1135
2011-12,Maryland,Xfinity Center,38.9958,-76.9426
2011-12,Miami,Watsco Center,25.7136,-80.2741
2011-12,Michigan State,Breslin Center,42.727,-84.4436
2011-12,Mississippi Valley State,Harrison HPER Complex,33.5143,-90.327
2011-12,Monmouth,OceanFirst Bank Center,40.2768,-74.0055
2011-12,NC State,Lenovo Center,35.8033,-78.722
2011-12,Nevada-Las Vegas,Thomas & Mack Center,36.1143,-115.1516
2011-12,Nicholls State,David B. Stopher Gymnasium,29.7691,-90.814
2011-12,North Carolina,Dean E. Smith Center,35.9115,-79.0481
2011-12,Ohio,Convocation Center,39.3242,-82.0993
2011-12,South Carolina,Colonial Life Arena,33.9929,-81.0217
2011-12,Tennessee State,Gentry Center,36.1651,-86.8348
2011-12,Texas,Frank Erwin Center,30.281,-97.7318
2011-12,UNC Asheville,Kimmel Arena,35.598,-82.5579
2011-12,Vermont,Patrick Gymnasium,44.4762,-73.1989
2011-12,Virginia,John Paul Jones Arena,38.0462,-78.5081
2011-12,Virginia Tech,Cassell Coliseum,37.2193,-80.422
2011-12,Wake Forest,Lawrence Joel Veterans Memorial Coliseum,36.0869,-80.2663
2011-12,Wisconsin,Kohl Center,43.0696,-89.4112
2012-13,Boston College,Conte Forum,42.3355,-71.1685
2012-13,Butler,Hinkle Fieldhouse,39.837,-86.1643
2012-13,Chaminade,McCabe Gym,21.2785,-157.8133
2012-13,Clemson,Littlejohn Coliseum,34.6803,-82.8444
2012-13,Duke,Cameron Indoor Stadium,36.003,-78.9425
2012-13,East Carolina,Williams Arena at Minges Coliseum,35.5907,-77.3608
2012-13,East Tennessee State,Freedom Hall,36.3099,-82.3594
2012-13,Florida Atlantic,FAU Arena,26.3704,-80.1027
2012-13,Florida State,Donald L. Tucker Civic Center,30.437,-84.2826
2012-13,Gardner-Webb,Paul Porter Arena,35.2359,-81.6819
2012-13,Georgia Tech,McCamish Pavilion,33.781,-84.3926
2012-13,Indiana,Simon Skjodt Assembly Hall,39.1822,-86.5261
2012-13,Kansas,Allen Fieldhouse,38.9542,-95.2528
2012-13,Long Beach State,Walter Pyramid,33.7849,-118.1135
2012-13,Maryland,Xfinity Center,38.9958,-76.9426
2012-13,McNeese State,Burton Coliseum,30.2074,-93.2042
2012-13,Miami,Watsco Center,25.7136,-80.2741
2012-13,Mississippi State,Humphrey Coliseum,33.4532,-88.7864
2012-13,NC State,Lenovo Center,35.8033,-78.722
2012-13,Nevada-Las Vegas,Thomas & Mack Center,36.1143,-115.1516
2012-13,North Carolina,Dean E. Smith Center,35.9115,-79.0481
2012-13,Texas,Frank Erwin Center,30.281,-97.7318
2012-13,UAB,Bartow Arena,33.5019,-86.799
2012-13,Villanova,Finneran Pavilion,40.0352,-75.3393
2012-13,Virginia,John Paul Jones Arena,38.0462,-78.5081
2012-13,Virginia Tech,Cassell Coliseum,37.2193,-80.422
2012-13,Wake Forest,Lawrence Joel Veterans Memorial Coliseum,36.0869,-80.2663
2013-14,Belmont,Curb Event Center,36.1358,-86.7877
2013-14,Boston College,Conte Forum,42.3355,-71.1685
2013-14,Clemson,Littlejohn Coliseum,34.6803,-82.8444
2013-14,Davidson,Belk Arena,35.4993,-80.847
2013-14,Duke,Cameron Indoor Stadium,36.003,-78.9425
2013-14,Florida State,Donald L. Tucker Civic Center,30.437,-84.2826
2013-14,Georgia Tech,McCamish Pavilion,33.781,-84.3926
2013-14,Holy Cross,Hart Center,42.2352,-71.8087
2013-14,Iowa State,Hilton Coliseum,42.0284,-93.6373
2013-14,Kentucky,Rupp Arena,38.0434,-84.4964
2013-14,Louisville,KFC Yum! Center,38.2572,-85.7585
2013-14,Maryland,Xfinity Center,38.9958,-76.9426
2013-14,Miami,Watsco Center,25.7136,-80.2741
2013-14,Michigan State,Breslin Center,42.727,-84.4436
2013-14,NC State,Lenovo Center,35.8033,-78.722
2013-14,North Carolina,Dean E. Smith Center,35.9115,-79.0481
2013-14,Northern Kentucky,Truist Arena,39.032273,-84.458864
2013-14,Notre Dame,Purcell Pavilion,41.6983,-86.2339
2013-14,Oakland,O'rena,42.6738,-83.216
2013-14,Pittsburgh,Petersen Events Center,40.4437,-79.9622
2013-14,Providence,Amica Mutual Pavilion,41.8301,-71.4143
2013-14,Richmond,Robins Center,37.5727,-77.5381
2013-14,Syracuse,JMA Wireless Dome,43.0362,-76.1364
2013-14,Texas,Frank Erwin Center,30.281,-97.7318
2013-14,UAB,Bartow Arena,33.5019,-86.799
2013-14,UNC Greensboro,Greensboro Coliseum,36.0594,-79.8269
2013-14,UNC Wilmington,Trask Coliseum,34.226,-77.8712
2013-14,Virginia,John Paul Jones Arena,38.0462,-78.5081
2013-14,Virginia Tech,Cassell Coliseum,37.2193,-80.422
2013-14,Wake Forest,Lawrence Joel Veterans Memorial Coliseum,36.0869,-80.2663
2014-15,Arkansas,Bud Walton Arena,36.0589,-94.1793
2014-15,Boston College,Conte Forum,42.3355,-71.1685
2014-15,Butler,Hinkle Fieldhouse,39.837,-86.1643
2014-15,Clemson,Littlejohn Coliseum,34.6803,-82.8444
2014-15,Davidson,Belk Arena,35.4993,-80.847
2014-15,Duke,Cameron Indoor Stadium,36.003,-78.9425
2014-15,East Carolina,Williams Arena at Minges Coliseum,35.5907,-77.3608
2014-15,Florida,Exactech Arena at the Stephen C. O'Connell Center,29.6499,-82.3486
2014-15,Florida State,Donald L. Tucker Civic Center,30.437,-84.2826
2014-15,Georgia Tech,McCamish Pavilion,33.781,-84.3926
2014-15,Harvard,Lavietes Pavilion,42.3724,-71.1174
2014-15,Iowa,Carver-Hawkeye Arena,41.656,-91.5497
2014-15,Kentucky,Rupp Arena,38.0434,-84.4964
2014-15,Louisville,KFC Yum! Center,38.2572,-85.7585
2014-15,Miami,Watsco Center,25.7136,-80.2741
2014-15,NC Central,McDougald-McLendon Gymnasium,35.9762,-78.8969
2014-15,NC State,Lenovo Center,35.8033,-78.722
2014-15,North Carolina,Dean E. Smith Center,35.9115,-79.0481
2014-15,Notre Dame,Purcell Pavilion,41.6983,-86.2339
2014-15,Ohio State,Schottenstein Center,40.0076,-83.0252
2014-15,Pittsburgh,Petersen Events Center,40.4437,-79.9622
2014-15,Robert Morris,Charles L. Sewall Center,40.527,-80.1673
2014-15,Syracuse,JMA Wireless Dome,43.0362,-76.1364
2014-15,UAB,Bartow Arena,33.5019,-86.799
2014-15,UCLA,Pauley Pavilion,34.0703,-118.4468
2014-15,UNC Greensboro,Greensboro Coliseum,36.0594,-79.8269
2014-15,Virginia,John Paul Jones Arena,38.0462,-78.5081
2014-15,Virginia Tech,Cassell Coliseum,37.2193,-80.422
2014-15,Wake Forest,Lawrence Joel Veterans Memorial Coliseum,36.0869,-80.2663
2014-15,William & Mary,Kaplan Arena,37.2709,-76.7155
2014-15,Wisconsin,Kohl Center,43.0696,-89.4112
2015-16,Appalachian State,Holmes Convocation Center,36.2134,-81.6744
2015-16,Boston College,Conte Forum,42.3355,-71.1685
2015-16,Clemson,Littlejohn Coliseum,34.6803,-82.8444
2015-16,Davidson,Belk Arena,35.4993,-80.847
2015-16,Duke,Cameron Indoor Stadium,36.003,-78.9425
2015-16,Fairfield,Total Mortgage Arena,41.1732,-73.187
2015-16,Florida Gulf Coast,Alico Arena,26.462,-81.771
2015-16,Florida State,Donald L. Tucker Civic Center,30.437,-84.2826
2015-16,Georgia Tech,McCamish Pavilion,33.781,-84.3926
2015-16,Indiana,Simon Skjodt Assembly Hall,39.1822,-86.5261
2015-16,Kansas State,Bramlage Coliseum,39.1842,-96.5797
2015-16,Louisville,KFC Yum! Center,38.2572,-85.7585
2015-16,Maryland,Xfinity Center,38.9958,-76.9426
2015-16,Miami,Watsco Center,25.7136,-80.2741
2015-16,NC State,Lenovo Center,35.8033,-78.722
2015-16,North Carolina,Dean E. Smith Center,35.9115,-79.0481
2015-16,Northern Iowa,McLeod Center,42.5099,-92.453
2015-16,Northwestern,Welsh-Ryan Arena,42.0597,-87.6741
2015-16,Notre Dame,Purcell Pavilion,41.6983,-86.2339
2015-16,Pittsburgh,Petersen Events Center,40.4437,-79.9622
2015-16,Providence,Amica Mutual Pavilion,41.8301,-71.4143
2015-16,Syracuse,JMA Wireless Dome,43.0362,-76.1364
2015-16,Temple,Liacouras Center,39.9813,-75.1494
2015-16,Texas,Frank Erwin Center,30.281,-97.7318
2015-16,Tulane,Devlin Fieldhouse,29.9388,-90.1228
2015-16,UCLA,Pauley Pavilion,34.0703,-118.4468
2015-16,UNC Greensboro,Greensboro Coliseum,36.0594,-79.8269
2015-16,Villanova,Finneran Pavilion,40.0352,-75.3393
2015-16,Virginia,John Paul Jones Arena,38.0462,-78.5081
2015-16,Virginia Tech,Cassell Coliseum,37.2193,-80.422
2015-16,Wake Forest,Lawrence Joel Veterans Memorial Coliseum,36.0869,-80.2663
2015-16,Wofford,Benjamin Johnson Arena,34.9447,-81.932
2016-17,Arkansas,Bud Walton Arena,36.0589,-94.1793
2016-17,Boston College,Conte Forum,42.3355,-71.1685
2016-17,Butler,Hinkle Fieldhouse,39.837,-86.1643
2016-17,Chaminade,McCabe Gym,21.2785,-157.8133
2016-17,Chattanooga,McKenzie Arena,35.0505,-85.281
2016-17,Clemson,Littlejohn Coliseum,34.6803,-82.8444
2016-17,Davidson,Belk Arena,35.4993,-80.847
2016-17,Duke,Cameron Indoor Stadium,36.003,-78.9425
2016-17,Florida State,Donald L. Tucker Civic Center,30.437,-84.2826
2016-17,Georgia Tech,McCamish Pavilion,33.781,-84.3926
2016-17,Gonzaga,McCarthey Athletic Center,47.6671,-117.4028
2016-17,Hawai'i,SimpliFi Arena at Stan Sheriff Center,21.297,-157.8175
2016-17,Indiana,Simon Skjodt Assembly Hall,39.1822,-86.5261
2016-17,Kentucky,Rupp Arena,38.0434,-84.4964
2016-17,Long Beach State,Walter Pyramid,33.7849,-118.1135
2016-17,Louisville,KFC Yum! Center,38.2572,-85.7585
2016-17,Miami,Watsco Center,25.7136,-80.2741
2016-17,Monmouth,OceanFirst Bank Center,40.2768,-74.0055
2016-17,NC State,Lenovo Center,35.8033,-78.722
2016-17,North Carolina,Dean E. Smith Center,35.9115,-79.0481
2016-17,Northern Iowa,McLeod Center,42.5099,-92.453
2016-17,Notre Dame,Purcell Pavilion,41.6983,-86.2339
2016-17,Oklahoma State,Gallagher-Iba Arena,36.1225,-97.0646
2016-17,Oregon,Matthew Knight Arena,44.0568,-123.0813
2016-17,Pittsburgh,Petersen Events Center,40.4437,-79.9622
2016-17,Radford,Dedmon Center,37.1371,-80.5513
2016-17,Syracuse,JMA Wireless Dome,43.0362,-76.1364
2016-17,Tennessee,Thompson-Boling Arena,35.9478,-83.9362
2016-17,Texas Southern,H&PE Arena,29.7255,-95.3484
2016-17,Tulane,Devlin Fieldhouse,29.9388,-90.1228
2016-17,Virginia,John Paul Jones Arena,38.0462,-78.5081
2016-17,Virginia Tech,Cassell Coliseum,37.2193,-80.422
2016-17,Wake Forest,Lawrence Joel Veterans Memorial Coliseum,36.0869,-80.2663
2016-17,Wisconsin,Kohl Center,43.0696,-89.4112
2017-18,Arkansas,Bud Walton Arena,36.0589,-94.1793
2017-18,Boston College,Conte Forum,42.3355,-71.1685
2017-18,Bucknell,Sojka Pavilion,40.9536,-76.8842
2017-18,Clemson,Littlejohn Coliseum,34.6803,-82.8444
2017-18,Davidson,Belk Arena,35.4993,-80.847
2017-18,Duke,Cameron Indoor Stadium,36.003,-78.9425
2017-18,Florida State,Donald L. Tucker Civic Center,30.437,-84.2826
2017-18,Georgia Tech,McCamish Pavilion,33.781,-84.3926
2017-18,Lipscomb,Allen Arena,36.1756,-86.8085
2017-18,Louisville,KFC Yum! Center,38.2572,-85.7585
2017-18,Miami,Watsco Center,25.7136,-80.2741
2017-18,Michigan,Crisler Center,42.2701,-83.7482
2017-18,Michigan State,Breslin Center,42.727,-84.4436
2017-18,NC State,Lenovo Center,35.8033,-78.722
2017-18,North Carolina,Dean E. Smith Center,35.9115,-79.0481
2017-18,Northern Iowa,McLeod Center,42.5099,-92.453
2017-18,Notre Dame,Purcell Pavilion,41.6983,-86.2339
2017-18,Ohio State,Schottenstein Center,40.0076,-83.0252
2017-18,Pittsburgh,Petersen Events Center,40.4437,-79.9622
2017-18,Portland,Chiles Center,45.5643,-122.7238
2017-18,Stanford,Maples Pavilion,37.4346,-122.1609
2017-18,Syracuse,JMA Wireless Dome,43.0362,-76.1364
2017-18,Tennessee,Thompson-Boling Arena,35.9478,-83.9362
2017-18,Texas A&M,Reed Arena,30.5884,-96.3531
2017-18,Tulane,Devlin Fieldhouse,29.9388,-90.1228
2017-18,Virginia,John Paul Jones Arena,38.0462,-78.5081
2017-18,Virginia Tech,Cassell Coliseum,37.2193,-80.422
2017-18,Wake Forest,Lawrence Joel Veterans Memorial Coliseum,36.0869,-80.2663
2017-18,Western Carolina,Ramsey Center,35.3103,-83.18
2017-18,Wofford,Jerry Richardson Indoor Stadium,34.9455,-81.9288
2018-19,Auburn,Neville Arena,32.6021,-85.4899
2018-19,Boston College,Conte Forum,42.3355,-71.1685
2018-19,Clemson,Littlejohn Coliseum,34.6803,-82.8444
2018-19,Davidson,Belk Arena,35.4993,-80.847
2018-19,Duke,Cameron Indoor Stadium,36.003,-78.9425
2018-19,Elon,Schar Center,36.105,-79.5037
2018-19,Florida State,Donald L. Tucker Civic Center,30.437,-84.2826
2018-19,Georgia Tech,McCamish Pavilion,33.781,-84.3926
2018-19,Gonzaga,McCarthey Athletic Center,47.6671,-117.4028
2018-19,Harvard,Lavietes Pavilion,42.3724,-71.1174
2018-19,Iona,Hynes Athletics Center,40.9274,-73.8861
2018-19,Kentucky,Rupp Arena,38.0434,-84.4964
2018-19,Louisville,KFC Yum! Center,38.2572,-85.7585
2018-19,Miami,Watsco Center,25.7136,-80.2741
2018-19,Michigan,Crisler Center,42.2701,-83.7482
2018-19,NC State,Lenovo Center,35.8033,-78.722
2018-19,North Carolina,Dean E. Smith Center,35.9115,-79.0481
2018-19,Notre Dame,Purcell Pavilion,41.6983,-86.2339
2018-19,Pittsburgh,Petersen Events Center,40.4437,-79.9622
2018-19,Saint Francis,DeGol Arena,40.5988,-78.6347
2018-19,Stanford,Maples Pavilion,37.4346,-122.1609
2018-19,Syracuse,JMA Wireless Dome,43.0362,-76.1364
2018-19,Tennessee Tech,Hooper Eblen Arena,36.1771,-85.5014
2018-19,Texas,Frank Erwin Center,30.281,-97.7318
2018-19,UCLA,Pauley Pavilion,34.0703,-118.4468
2018-19,UNC Wilmington,Trask Coliseum,34.226,-77.8712
2018-19,Virginia,John Paul Jones Arena,38.0462,-78.5081
2018-19,Virginia Tech,Cassell Coliseum,37.2193,-80.422
2018-19,Wake Forest,Lawrence Joel Veterans Memorial Coliseum,36.0869,-80.2663
2018-19,Washington,Alaska Airlines Arena,47.6538,-122.3015
2018-19,Wofford,Jerry Richardson Indoor Stadium,34.9455,-81.9288
2019-20,Alabama,Coleman Coliseum,33.2103,-87.5501
2019-20,Boston College,Conte Forum,42.3355,-71.1685
2019-20,Clemson,Littlejohn Coliseum,34.6803,-82.8444
2019-20,Duke,Cameron Indoor Stadium,36.003,-78.9425
2019-20,Elon,Schar Center,36.105,-79.5037
2019-20,Florida State,Donald L. Tucker Civic Center,30.437,-84.2826
2019-20,Gardner-Webb,Paul Porter Arena,35.2359,-81.6819
2019-20,Georgia Tech,McCamish Pavilion,33.781,-84.3926
2019-20,Gonzaga,McCarthey Athletic Center,47.6671,-117.4028
2019-20,Louisville,KFC Yum! Center,38.2572,-85.7585
2019-20,Miami,Watsco Center,25.7136,-80.2741
2019-20,Michigan,Crisler Center,42.2701,-83.7482
2019-20,NC State,Lenovo Center,35.8033,-78.722
2019-20,North Carolina,Dean E. Smith Center,35.9115,-79.0481
2019-20,Notre Dame,Purcell Pavilion,41.6983,-86.2339
2019-20,Ohio State,Schottenstein Center,40.0076,-83.0252
2019-20,Oregon,Matthew Knight Arena,44.0568,-123.0813
2019-20,Pittsburgh,Petersen Events Center,40.4437,-79.9622
2019-20,Syracuse,JMA Wireless Dome,43.0362,-76.1364
2019-20,UCLA,Pauley Pavilion,34.0703,-118.4468
2019-20,UNC Wilmington,Trask Coliseum,34.226,-77.8712
2019-20,Virginia,John Paul Jones Arena,38.0462,-78.5081
2019-20,Virginia Tech,Cassell Coliseum,37.2193,-80.422
2019-20,Wake Forest,Lawrence Joel Veterans Memorial Coliseum,36.0869,-80.2663
2019-20,Wofford,Jerry Richardson Indoor Stadium,34.9455,-81.9288
2019-20,Yale,John J. Lee Amphitheater,41.3123,-72.961
2020-21,Clemson,Littlejohn Coliseum,34.6803,-82.8444
2020-21,College of Charleston,TD Arena,32.7839,-79.9373
2020-21,Duke,Cameron Indoor Stadium,36.003,-78.9425
2020-21,Florida State,Donald L. Tucker Civic Center,30.437,-84.2826
2020-21,Georgia Tech,McCamish Pavilion,33.781,-84.3926
2020-21,Iowa,Carver-Hawkeye Arena,41.656,-91.5497
2020-21,Kentucky,Rupp Arena,38.0434,-84.4964
2020-21,Louisville,KFC Yum! Center,38.2572,-85.7585
2020-21,Marquette,Fiserv Forum,43.0451,-87.9174
2020-21,Miami,Watsco Center,25.7136,-80.2741
2020-21,NC Central,McDougald-McLendon Gymnasium,35.9762,-78.8969
2020-21,NC State,Lenovo Center,35.8033,-78.722
2020-21,Nevada-Las Vegas,Thomas & Mack Center,36.1143,-115.1516
2020-21,North Carolina,Dean E. Smith Center,35.9115,-79.0481
2020-21,Northeastern,Matthews Arena,42.34,-71.0893
2020-21,Notre Dame,Purcell Pavilion,41.6983,-86.2339
2020-21,Pittsburgh,Petersen Events Center,40.4437,-79.9622
2020-21,Stanford,Maples Pavilion,37.4346,-122.1609
2020-21,Syracuse,JMA Wireless Dome,43.0362,-76.1364
2020-21,Texas,Frank Erwin Center,30.281,-97.7318
2020-21,Virginia,John Paul Jones Arena,38.0462,-78.5081
2020-21,Virginia Tech,Cassell Coliseum,37.2193,-80.422
2020-21,Wake Forest,Lawrence Joel Veterans Memorial Coliseum,36.0869,-80.2663
2020-21,Wisconsin,Kohl Center,43.0696,-89.4112
2021-22,Appalachian State,Holmes Convocation Center,36.2134,-81.6744
2021-22,Baylor,Ferrell Center,31.558,-97.115
2021-22,Boston College,Conte Forum,42.3355,-71.1685
2021-22,Brown,Pizzitola Sports Center,41.8286,-71.3995
2021-22,Clemson,Littlejohn Coliseum,34.6803,-82.8444
2021-22,College of Charleston,TD Arena,32.7839,-79.9373
2021-22,Duke,Cameron Indoor Stadium,36.003,-78.9425
2021-22,Elon,Schar Center,36.105,-79.5037
2021-22,Florida State,Donald L. Tucker Civic Center,30.437,-84.2826
2021-22,Furman,Timmons Arena,34.925,-82.4357
2021-22,Georgia Tech,McCamish Pavilion,33.781,-84.3926
2021-22,Kansas,Allen Fieldhouse,38.9542,-95.2528
2021-22,Kentucky,Rupp Arena,38.0434,-84.4964
2021-22,Louisville,KFC Yum! Center,38.2572,-85.7585
2021-22,Loyola Marymount,Gersten Pavilion,33.97,-118.4183
2021-22,Marquette,Fiserv Forum,43.0451,-87.9174
2021-22,Miami,Watsco Center,25.7136,-80.2741
2021-22,Michigan,Crisler Center,42.2701,-83.7482
2021-22,NC State,Lenovo Center,35.8033,-78.722
2021-22,North Carolina,Dean E. Smith Center,35.9115,-79.0481
2021-22,Notre Dame,Purcell Pavilion,41.6983,-86.2339
2021-22,Pittsburgh,Petersen Events Center,40.4437,-79.9622
2021-22,Purdue,Mackey Arena,40.432,-86.919
2021-22,Saint Peter's,Run Baby Run Arena,40.7277,-74.0654
2021-22,Syracuse,JMA Wireless Dome,43.0362,-76.1364
2021-22,Tennessee,Thompson-Boling Arena,35.9478,-83.9362
2021-22,UCLA,Pauley Pavilion,34.0703,-118.4468
2021-22,UNC Asheville,Kimmel Arena,35.598,-82.5579
2021-22,Virginia,John Paul Jones Arena,38.0462,-78.5081
2021-22,Virginia Tech,Cassell Coliseum,37.2193,-80.422
2021-22,Wake Forest,Lawrence Joel Veterans Memorial Coliseum,36.0869,-80.2663
2022-23,Alabama,Coleman Coliseum,33.2103,-87.5501
2022-23,Boston College,Conte Forum,42.3355,-71.1685
2022-23,Clemson,Littlejohn Coliseum,34.6803,-82.8444
2022-23,College of Charleston,TD Arena,32.7839,-79.9373
2022-23,Duke,Cameron Indoor Stadium,36.003,-78.9425
2022-23,Florida State,Donald L. Tucker Civic Center,30.437,-84.2826
2022-23,Gardner-Webb,Paul Porter Arena,35.2359,-81.6819
2022-23,Georgia Tech,McCamish Pavilion,33.781,-84.3926
2022-23,Indiana,Simon Skjodt Assembly Hall,39.1822,-86.5261
2022-23,Iowa State,Hilton Coliseum,42.0284,-93.6373
2022-23,James Madison,Atlantic Union Bank Center,38.435,-78.8742
2022-23,Louisville,KFC Yum! Center,38.2572,-85.7585
2022-23,Miami,Watsco Center,25.7136,-80.2741
2022-23,Michigan,Crisler Center,42.2701,-83.7482
2022-23,NC State,Lenovo Center,35.8033,-78.722
2022-23,North Carolina,Dean E. Smith Center,35.9115,-79.0481
2022-23,Notre Dame,Purcell Pavilion,41.6983,-86.2339
2022-23,Ohio State,Schottenstein Center,40.0076,-83.0252
2022-23,Pittsburgh,Petersen Events Center,40.4437,-79.9622
2022-23,Portland,Chiles Center,45.5643,-122.7238
2022-23,Syracuse,JMA Wireless Dome,43.0362,-76.1364
2022-23,The Citadel,McAlister Field House,32.7964,-79.9579
2022-23,UNC Wilmington,Trask Coliseum,34.226,-77.8712
2022-23,Virginia,John Paul Jones Arena,38.0462,-78.5081
2022-23,Virginia Tech,Cassell Coliseum,37.2193,-80.422
2022-23,Wake Forest,Lawrence Joel Veterans Memorial Coliseum,36.0869,-80.2663
2023-24,Alabama,Coleman Coliseum,33.2103,-87.5501
2023-24,Arkansas,Bud Walton Arena,36.0589,-94.1793
2023-24,Boston College,Conte Forum,42.3355,-71.1685
2023-24,Charleston Southern,Buccaneer Field House,32.9827,-80.0584
2023-24,Clemson,Littlejohn Coliseum,34.6803,-82.8444
2023-24,Connecticut,Gampel Pavilion,41.8084,-72.2537
2023-24,Duke,Cameron Indoor Stadium,36.003,-78.9425
2023-24,Florida State,Donald L. Tucker Civic Center,30.437,-84.2826
2023-24,Georgia Tech,McCamish Pavilion,33.781,-84.3926
2023-24,Kentucky,Rupp Arena,38.0434,-84.4964
2023-24,Lehigh,Stabler Arena,40.6064,-75.3762
2023-24,Louisville,KFC Yum! Center,38.2572,-85.7585
2023-24,Miami,Watsco Center,25.7136,-80.2741
2023-24,Michigan State,Breslin Center,42.727,-84.4436
2023-24,NC State,Lenovo Center,35.8033,-78.722
2023-24,North Carolina,Dean E. Smith Center,35.9115,-79.0481
2023-24,Northern Iowa,McLeod Center,42.5099,-92.453
2023-24,Notre Dame,Purcell Pavilion,41.6983,-86.2339
2023-24,Oklahoma,Lloyd Noble Center,35.1916,-97.445
2023-24,Pittsburgh,Petersen Events Center,40.4437,-79.9622
2023-24,Radford,Dedmon Center,37.1371,-80.5513
2023-24,Syracuse,JMA Wireless Dome,43.0362,-76.1364
2023-24,Tennessee,Thompson-Boling Arena,35.9478,-83.9362
2023-24,UC Riverside,Student Recreation Center,33.9726,-117.3248
2023-24,Villanova,Finneran Pavilion,40.0352,-75.3393
2023-24,Virginia,John Paul Jones Arena,38.0462,-78.5081
2023-24,Virginia Tech,Cassell Coliseum,37.2193,-80.422
2023-24,Wagner,Spiro Sports Center,40.6376,-74.0965
2023-24,Wake Forest,Lawrence Joel Veterans Memorial Coliseum,36.0869,-80.2663
2024-25,Alabama,Coleman Coliseum,33.2103,-87.5501
2024-25,American,Bender Arena,38.9372,-77.0889
2024-25,Auburn,Neville Arena,32.6021,-85.4899
2024-25,Boston College,Conte Forum,42.3355,-71.1685
2024-25,California,Haas Pavilion,37.8764,-122.2615
2024-25,Campbell,John W. Pope Jr. Convocation Center,35.4066,-78.8423
2024-25,Clemson,Littlejohn Coliseum,34.6803,-82.8444
2024-25,Dayton,University of Dayton Arena,39.7443,-84.1747
2024-25,Duke,Cameron Indoor Stadium,36.003,-78.9425
2024-25,Elon,Schar Center,36.105,-79.5037
2024-25,Florida,Exactech Arena at the Stephen C. O'Connell Center,29.6499,-82.3486
2024-25,Florida State,Donald L. Tucker Civic Center,30.437,-84.2826
2024-25,Georgia Tech,McCamish Pavilion,33.781,-84.3926
2024-25,Hawai'i,SimpliFi Arena at Stan Sheriff Center,21.297,-157.8175
2024-25,Kansas,Allen Fieldhouse,38.9542,-95.2528
2024-25,La Salle,Tom Gola Arena,39.9697,-75.1543
2024-25,Louisville,KFC Yum! Center,38.2572,-85.7585
2024-25,Miami,Watsco Center,25.7136,-80.2741
2024-25,Michigan State,Breslin Center,42.727,-84.4436
2024-25,NC State,Lenovo Center,35.8033,-78.722
2024-25,North Carolina,Dean E. Smith Center,35.9115,-79.0481
2024-25,Notre Dame,Purcell Pavilion,41.6983,-86.2339
2024-25,Ole Miss,The Sandy and John Black Pavilion at Ole Miss,34.3609,-89.5339
2024-25,Pittsburgh,Petersen Events Center,40.4437,-79.9622
2024-25,SMU,Moody Coliseum,32.8382,-96.7853
2024-25,San Diego State,Viejas Arena,32.7741,-117.0726
2024-25,Stanford,Maples Pavilion,37.4346,-122.1609
2024-25,Syracuse,JMA Wireless Dome,43.0362,-76.1364
2024-25,UCLA,Pauley Pavilion,34.0703,-118.4468
2024-25,Virginia,John Paul Jones Arena,38.0462,-78.5081
2024-25,Virginia Tech,Cassell Coliseum,37.2193,-80.422
2024-25,Wake Forest,Lawrence Joel Veterans Memorial Coliseum,36.0869,-80.2663
2025-26,California,Haas Pavilion,37.8764,-122.2615
2025-26,Central Arkansas,Farris Center,35.0802,-92.4429
2025-26,Duke,Cameron Indoor Stadium,36.003,-78.9425
2025-26,East Carolina,Williams Arena at Minges Coliseum,35.5907,-77.3608
2025-26,East Tennessee State,Freedom Hall,36.3099,-82.3594
2025-26,Florida State,Donald L. Tucker Civic Center,30.437,-84.2826
2025-26,Georgetown,Capital One Arena,38.8981,-77.0209
2025-26,Georgia Tech,McCamish Pavilion,33.781,-84.3926
2025-26,Kansas,Allen Fieldhouse,38.9542,-95.2528
2025-26,Kentucky,Rupp Arena,38.0434,-84.4964
2025-26,Louisville,KFC Yum! Center,38.2572,-85.7585
2025-26,Miami,Watsco Center,25.7136,-80.2741
2025-26,Michigan State,Breslin Center,42.727,-84.4436
2025-26,NC Central,McDougald-McLendon Gymnasium,35.9762,-78.8969
2025-26,NC State,Lenovo Center,35.8033,-78.722
2025-26,Navy,Alumni Hall,38.985,-76.4876
2025-26,North Carolina,Dean E. Smith Center,35.9115,-79.0481
2025-26,Notre Dame,Purcell Pavilion,41.6983,-86.2339
2025-26,Ohio State,Schottenstein Center,40.0076,-83.0252
2025-26,Pittsburgh,Petersen Events Center,40.4437,-79.9622
2025-26,Radford,Dedmon Center,37.1371,-80.5513
2025-26,SMU,Moody Coliseum,32.8382,-96.7853
2025-26,St. Bonaventure,Reilly Center,42.0855,-78.4685
2025-26,Stanford,Maples Pavilion,37.4346,-122.1609
2025-26,Syracuse,JMA Wireless Dome,43.0362,-76.1364
2025-26,USC Upstate,G.B. Hodge Center,34.9441,-81.929
2025-26,Virginia,John Paul Jones Arena,38.0462,-78.5081
2025-26,Virginia Tech,Cassell Coliseum,37.2193,-80.422
2025-26,Wake Forest,Lawrence Joel Veterans Memorial Coliseum,36.0869,-80.2663
